{
  "width": 640,
  "height": 480,
  "color_width": 640,
  "color_height": 480,
  "color_k": [
    452.822998046875,
    0.0,
    323.7432861328125,
    0.0,
    452.822998046875,
    246.8150177001953,
    0.0,
    0.0,
    1.0
  ],
  "color_d": [
    0.04556836187839508,
    -0.05946118012070656,
    0.0,
    0.0,
    0.0
  ],
  "color_p": [
    452.822998046875,
    0.0,
    323.7432861328125,
    0.0,
    0.0,
    452.822998046875,
    246.8150177001953,
    0.0,
    0.0,
    0.0,
    1.0,
    0.0
  ],
  "color_distortion_model": "plumb_bob",
  "k": [
    452.822998046875,
    0.0,
    323.7432861328125,
    0.0,
    452.822998046875,
    246.8150177001953,
    0.0,
    0.0,
    1.0
  ],
  "d": [
    0.0,
    0.0,
    0.0,
    0.0,
    0.0
  ],
  "p": [
    452.822998046875,
    0.0,
    323.7432861328125,
    0.0,
    0.0,
    452.822998046875,
    246.8150177001953,
    0.0,
    0.0,
    0.0,
    1.0,
    0.0
  ],
  "distortion_model": "plumb_bob",
  "depth_width": 640,
  "depth_height": 480,
  "depth_k": [
    452.822998046875,
    0.0,
    323.7432861328125,
    0.0,
    452.822998046875,
    246.8150177001953,
    0.0,
    0.0,
    1.0
  ],
  "depth_d": [
    0.0,
    0.0,
    0.0,
    0.0,
    0.0
  ],
  "depth_p": [
    452.822998046875,
    0.0,
    323.7432861328125,
    0.0,
    0.0,
    452.822998046875,
    246.8150177001953,
    0.0,
    0.0,
    0.0,
    1.0,
    0.0
  ],
  "depth_distortion_model": "plumb_bob",
  "timestamp_ns": 1776330905165324926,
  "color_frame_id": "",
  "color_stamp_ns": 0,
  "camera_ns": "/camera_gemini",
  "depth_frame_id": "",
  "depth_stamp_ns": 0
}