{
  "width": 640,
  "height": 480,
  "color_width": 640,
  "color_height": 480,
  "color_k": [
    542.2179565429688,
    0.0,
    312.57940673828125,
    0.0,
    542.2179565429688,
    229.5102996826172,
    0.0,
    0.0,
    1.0
  ],
  "color_d": [
    0.11656075716018677,
    -0.21870110929012299,
    0.07572022080421448,
    0.0,
    0.0
  ],
  "color_p": [
    542.2179565429688,
    0.0,
    312.57940673828125,
    0.0,
    0.0,
    542.2179565429688,
    229.5102996826172,
    0.0,
    0.0,
    0.0,
    1.0,
    0.0
  ],
  "color_distortion_model": "plumb_bob",
  "k": [
    542.2179565429688,
    0.0,
    312.57940673828125,
    0.0,
    542.2179565429688,
    229.5102996826172,
    0.0,
    0.0,
    1.0
  ],
  "d": [
    0.11656075716018677,
    -0.21870110929012299,
    0.07572022080421448,
    0.0,
    0.0
  ],
  "p": [
    542.2179565429688,
    0.0,
    312.57940673828125,
    0.0,
    0.0,
    542.2179565429688,
    229.5102996826172,
    0.0,
    0.0,
    0.0,
    1.0,
    0.0
  ],
  "distortion_model": "plumb_bob",
  "timestamp_ns": 1776331084120260557,
  "color_frame_id": "",
  "color_stamp_ns": 0,
  "camera_ns": "/camera_astra"
}