{
  "position": [
    -0.06350979702042153,
    0.011586690006005896,
    0.06900659633506975
  ],
  "orientation": [
    -0.003950427979665789,
    -0.0023042571951312762,
    -0.7359848825872213,
    0.6769825234971946
  ],
  "rpy": [
    [
      -0.0019570238485843135,
      -0.008934913129584892,
      -1.654254619671873
    ]
  ],
  "transform_direction": "camera_in_ee"
}