{
    "position": [
        0.30095389393412136,
        -0.19725224332395522,
        0.7050679321831634
    ],
    "orientation": [
        -0.9751506491873729,
        0.16373820471788716,
        -0.02794148685663368,
        0.14659565142748524
    ],
    "rpy": [
        [
            -2.8420721662214437,
            -0.00648774603900269,
            -0.33369657965857047
        ]
    ]
}